{"_timestamp":1.729633598764078e+09,"_wandb":{"runtime":23},"_runtime":23.059364496,"_step":48,"frame_idx":0,"avg_track_error":0.11287623585866632,"track_iters":0}