{"frame_idx":0,"avg_track_error":0.18482965230941772,"track_iters":0,"_wandb":{"runtime":22},"_timestamp":1.729630631738603e+09,"_runtime":22.078777643,"_step":48}