{"_timestamp":1.7296300809249427e+09,"_runtime":23.366183114,"_step":48,"frame_idx":0,"_wandb":{"runtime":23},"avg_track_error":0.18401598930358887,"track_iters":0}