{"_timestamp":1.729633544545225e+09,"_runtime":21.364711049,"_step":0,"frame_idx":0,"avg_track_error":0.09402954394467361,"track_iters":0,"_wandb":{"runtime":21}}