{"_runtime":24.007644191,"_wandb":{"runtime":24},"_step":48,"frame_idx":0,"avg_track_error":0.20292717218399048,"track_iters":0,"_timestamp":1.72963075552004e+09}